{
    "level0_oof_auc": {
        "lgbm": 0.9690331955516277,
        "xgb": 0.9682284401243879,
        "cat": 0.9679241518895559
    },
    "level1_stacked_auc": 0.9691995975926363,
    "best_threshold": 0.4200000000000001,
    "accuracy_at_threshold": 0.9379413333333333,
    "f1_at_threshold": 0.7315615844233742,
    "meta_model_coef": [
        3.9189043786365243,
        1.2776985796674343,
        2.3845859578994926
    ]
}