fold,best_val_auc
0,0.9688392226309736
1,0.9684652882842547
2,0.9684920597736039
OOF,0.9685913245936605
