{
  "oof_auc": 0.9685913245936605,
  "mean_cv_auc": 0.9685988568962774,
  "std_cv_auc": 0.00017031528209474192,
  "fold_aucs": [
    0.9688392226309736,
    0.9684652882842547,
    0.9684920597736039
  ],
  "n_splits": 3,
  "random_seed": 2025,
  "total_time_seconds": 77.02478003501892,
  "cv_time_seconds": 72.92709827423096,
  "lgbm_params": {
    "objective": "binary",
    "metric": "auc",
    "boosting_type": "gbdt",
    "num_leaves": 127,
    "learning_rate": 0.05,
    "feature_fraction": 0.8,
    "bagging_fraction": 0.8,
    "bagging_freq": 5,
    "min_child_samples": 20,
    "reg_alpha": 0.1,
    "reg_lambda": 0.1,
    "random_state": 2025,
    "verbosity": -1,
    "n_jobs": 1,
    "force_col_wise": true,
    "deterministic": true
  },
  "feature_counts": {
    "total": 16,
    "categorical": 9,
    "numerical": 7
  }
}