fold,best_val_auc
0,0.9625610792604097
1,0.9624044588625635
2,0.961994405930647
3,0.9629767691347297
4,0.9628325648692063
OOF,0.9625154905879971
