{
    "level0_oof_auc": {
        "lgbm": 0.9690331955516277,
        "xgb": 0.9682284401243879,
        "cat": 0.9679241518895559,
        "rf": 0.9635468206693044,
        "et": 0.9589471266289799
    },
    "level1_stacked_auc": 0.9683529096646968,
    "best_threshold": 0.4200000000000001,
    "accuracy_at_threshold": 0.9375946666666667,
    "f1_at_threshold": 0.7308444321762934,
    "meta_model_coef": [
        0.9137155600595047,
        0.928017118727244,
        0.8722469133619385,
        0.8229411608193462,
        0.499821931593797
    ]
}