{
  "timestamp": "2025-08-12T14:49:02.629077+00:00",
  "fold": 4,
  "epoch": 77,
  "train_loss": 0.43611546438567494,
  "val_loss": 0.4258510462335638,
  "val_auc": 0.9620441474145942,
  "lr": 0.0001,
  "best_val_auc": 0.9622962783550818,
  "elapsed_s": 467.92042303085327
}