{
    "oof_auc": {
        "lgbm": 0.968953391834409,
        "xgb": 0.9674647816459648,
        "cat": 0.9671776407910714,
        "blend": 0.9690579516080393
    },
    "best_threshold": 0.48,
    "accuracy_at_threshold": 0.938004,
    "f1_at_threshold": 0.7331179006216171,
    "blend_weights": {
        "lgbm": 0.7333333333333334,
        "xgb": 0.13333333333333333,
        "cat": 0.13333333333333333
    }
}