{
    "lgbm": 0.7333333333333334,
    "xgb": 0.13333333333333333,
    "cat": 0.13333333333333333
}